"series_id","series","year","month","label","value"
CUSR0000SA0,All Items (Seas),"1947",Jan,"1947 Jan",21.48
CUSR0000SA0,All Items (Seas),"1947",Feb,"1947 Feb",21.62
CUSR0000SA0,All Items (Seas),"1947",Mar,"1947 Mar",22.0
CUSR0000SA0,All Items (Seas),"1947",Apr,"1947 Apr",22.0
CUSR0000SA0,All Items (Seas),"1947",May,"1947 May",21.95
CUSR0000SA0,All Items (Seas),"1947",Jun,"1947 Jun",22.08
CUSR0000SA0,All Items (Seas),"1947",Jul,"1947 Jul",22.23
CUSR0000SA0,All Items (Seas),"1947",Aug,"1947 Aug",22.4
CUSR0000SA0,All Items (Seas),"1947",Sep,"1947 Sep",22.84
CUSR0000SA0,All Items (Seas),"1947",Oct,"1947 Oct",22.91
CUSR0000SA0,All Items (Seas),"1947",Nov,"1947 Nov",23.06
CUSR0000SA0,All Items (Seas),"1947",Dec,"1947 Dec",23.41
CUSR0000SA0,All Items (Seas),"1948",Jan,"1948 Jan",23.68
CUSR0000SA0,All Items (Seas),"1948",Feb,"1948 Feb",23.67
CUSR0000SA0,All Items (Seas),"1948",Mar,"1948 Mar",23.5
CUSR0000SA0,All Items (Seas),"1948",Apr,"1948 Apr",23.82
CUSR0000SA0,All Items (Seas),"1948",May,"1948 May",24.01
CUSR0000SA0,All Items (Seas),"1948",Jun,"1948 Jun",24.15
CUSR0000SA0,All Items (Seas),"1948",Jul,"1948 Jul",24.4
CUSR0000SA0,All Items (Seas),"1948",Aug,"1948 Aug",24.43
CUSR0000SA0,All Items (Seas),"1948",Sep,"1948 Sep",24.36
CUSR0000SA0,All Items (Seas),"1948",Oct,"1948 Oct",24.31
CUSR0000SA0,All Items (Seas),"1948",Nov,"1948 Nov",24.16
CUSR0000SA0,All Items (Seas),"1948",Dec,"1948 Dec",24.05
CUSR0000SA0,All Items (Seas),"1949",Jan,"1949 Jan",24.01
CUSR0000SA0,All Items (Seas),"1949",Feb,"1949 Feb",23.91
CUSR0000SA0,All Items (Seas),"1949",Mar,"1949 Mar",23.91
CUSR0000SA0,All Items (Seas),"1949",Apr,"1949 Apr",23.92
CUSR0000SA0,All Items (Seas),"1949",May,"1949 May",23.91
CUSR0000SA0,All Items (Seas),"1949",Jun,"1949 Jun",23.92
CUSR0000SA0,All Items (Seas),"1949",Jul,"1949 Jul",23.7
CUSR0000SA0,All Items (Seas),"1949",Aug,"1949 Aug",23.7
CUSR0000SA0,All Items (Seas),"1949",Sep,"1949 Sep",23.75
CUSR0000SA0,All Items (Seas),"1949",Oct,"1949 Oct",23.67
CUSR0000SA0,All Items (Seas),"1949",Nov,"1949 Nov",23.7
CUSR0000SA0,All Items (Seas),"1949",Dec,"1949 Dec",23.61
CUSR0000SA0,All Items (Seas),"1950",Jan,"1950 Jan",23.51
CUSR0000SA0,All Items (Seas),"1950",Feb,"1950 Feb",23.61
CUSR0000SA0,All Items (Seas),"1950",Mar,"1950 Mar",23.64
CUSR0000SA0,All Items (Seas),"1950",Apr,"1950 Apr",23.65
CUSR0000SA0,All Items (Seas),"1950",May,"1950 May",23.77
CUSR0000SA0,All Items (Seas),"1950",Jun,"1950 Jun",23.88
CUSR0000SA0,All Items (Seas),"1950",Jul,"1950 Jul",24.07
CUSR0000SA0,All Items (Seas),"1950",Aug,"1950 Aug",24.2
CUSR0000SA0,All Items (Seas),"1950",Sep,"1950 Sep",24.34
CUSR0000SA0,All Items (Seas),"1950",Oct,"1950 Oct",24.5
CUSR0000SA0,All Items (Seas),"1950",Nov,"1950 Nov",24.6
CUSR0000SA0,All Items (Seas),"1950",Dec,"1950 Dec",24.98
CUSR0000SA0,All Items (Seas),"1951",Jan,"1951 Jan",25.38
CUSR0000SA0,All Items (Seas),"1951",Feb,"1951 Feb",25.83
CUSR0000SA0,All Items (Seas),"1951",Mar,"1951 Mar",25.88
CUSR0000SA0,All Items (Seas),"1951",Apr,"1951 Apr",25.92
CUSR0000SA0,All Items (Seas),"1951",May,"1951 May",25.99
CUSR0000SA0,All Items (Seas),"1951",Jun,"1951 Jun",25.93
CUSR0000SA0,All Items (Seas),"1951",Jul,"1951 Jul",25.91
CUSR0000SA0,All Items (Seas),"1951",Aug,"1951 Aug",25.86
CUSR0000SA0,All Items (Seas),"1951",Sep,"1951 Sep",26.03
CUSR0000SA0,All Items (Seas),"1951",Oct,"1951 Oct",26.16
CUSR0000SA0,All Items (Seas),"1951",Nov,"1951 Nov",26.32
CUSR0000SA0,All Items (Seas),"1951",Dec,"1951 Dec",26.47
CUSR0000SA0,All Items (Seas),"1952",Jan,"1952 Jan",26.45
CUSR0000SA0,All Items (Seas),"1952",Feb,"1952 Feb",26.41
CUSR0000SA0,All Items (Seas),"1952",Mar,"1952 Mar",26.39
CUSR0000SA0,All Items (Seas),"1952",Apr,"1952 Apr",26.46
CUSR0000SA0,All Items (Seas),"1952",May,"1952 May",26.47
CUSR0000SA0,All Items (Seas),"1952",Jun,"1952 Jun",26.53
CUSR0000SA0,All Items (Seas),"1952",Jul,"1952 Jul",26.68
CUSR0000SA0,All Items (Seas),"1952",Aug,"1952 Aug",26.69
CUSR0000SA0,All Items (Seas),"1952",Sep,"1952 Sep",26.63
CUSR0000SA0,All Items (Seas),"1952",Oct,"1952 Oct",26.69
CUSR0000SA0,All Items (Seas),"1952",Nov,"1952 Nov",26.69
CUSR0000SA0,All Items (Seas),"1952",Dec,"1952 Dec",26.71
CUSR0000SA0,All Items (Seas),"1953",Jan,"1953 Jan",26.64
CUSR0000SA0,All Items (Seas),"1953",Feb,"1953 Feb",26.59
CUSR0000SA0,All Items (Seas),"1953",Mar,"1953 Mar",26.63
CUSR0000SA0,All Items (Seas),"1953",Apr,"1953 Apr",26.69
CUSR0000SA0,All Items (Seas),"1953",May,"1953 May",26.7
CUSR0000SA0,All Items (Seas),"1953",Jun,"1953 Jun",26.77
CUSR0000SA0,All Items (Seas),"1953",Jul,"1953 Jul",26.79
CUSR0000SA0,All Items (Seas),"1953",Aug,"1953 Aug",26.85
CUSR0000SA0,All Items (Seas),"1953",Sep,"1953 Sep",26.89
CUSR0000SA0,All Items (Seas),"1953",Oct,"1953 Oct",26.95
CUSR0000SA0,All Items (Seas),"1953",Nov,"1953 Nov",26.85
CUSR0000SA0,All Items (Seas),"1953",Dec,"1953 Dec",26.87
CUSR0000SA0,All Items (Seas),"1954",Jan,"1954 Jan",26.94
CUSR0000SA0,All Items (Seas),"1954",Feb,"1954 Feb",26.99
CUSR0000SA0,All Items (Seas),"1954",Mar,"1954 Mar",26.93
CUSR0000SA0,All Items (Seas),"1954",Apr,"1954 Apr",26.86
CUSR0000SA0,All Items (Seas),"1954",May,"1954 May",26.93
CUSR0000SA0,All Items (Seas),"1954",Jun,"1954 Jun",26.94
CUSR0000SA0,All Items (Seas),"1954",Jul,"1954 Jul",26.86
CUSR0000SA0,All Items (Seas),"1954",Aug,"1954 Aug",26.85
CUSR0000SA0,All Items (Seas),"1954",Sep,"1954 Sep",26.81
CUSR0000SA0,All Items (Seas),"1954",Oct,"1954 Oct",26.72
CUSR0000SA0,All Items (Seas),"1954",Nov,"1954 Nov",26.78
CUSR0000SA0,All Items (Seas),"1954",Dec,"1954 Dec",26.77
CUSR0000SA0,All Items (Seas),"1955",Jan,"1955 Jan",26.77
CUSR0000SA0,All Items (Seas),"1955",Feb,"1955 Feb",26.82
CUSR0000SA0,All Items (Seas),"1955",Mar,"1955 Mar",26.79
CUSR0000SA0,All Items (Seas),"1955",Apr,"1955 Apr",26.79
CUSR0000SA0,All Items (Seas),"1955",May,"1955 May",26.77
CUSR0000SA0,All Items (Seas),"1955",Jun,"1955 Jun",26.71
CUSR0000SA0,All Items (Seas),"1955",Jul,"1955 Jul",26.76
CUSR0000SA0,All Items (Seas),"1955",Aug,"1955 Aug",26.72
CUSR0000SA0,All Items (Seas),"1955",Sep,"1955 Sep",26.85
CUSR0000SA0,All Items (Seas),"1955",Oct,"1955 Oct",26.82
CUSR0000SA0,All Items (Seas),"1955",Nov,"1955 Nov",26.88
CUSR0000SA0,All Items (Seas),"1955",Dec,"1955 Dec",26.87
CUSR0000SA0,All Items (Seas),"1956",Jan,"1956 Jan",26.83
CUSR0000SA0,All Items (Seas),"1956",Feb,"1956 Feb",26.86
CUSR0000SA0,All Items (Seas),"1956",Mar,"1956 Mar",26.89
CUSR0000SA0,All Items (Seas),"1956",Apr,"1956 Apr",26.93
CUSR0000SA0,All Items (Seas),"1956",May,"1956 May",27.03
CUSR0000SA0,All Items (Seas),"1956",Jun,"1956 Jun",27.15
CUSR0000SA0,All Items (Seas),"1956",Jul,"1956 Jul",27.29
CUSR0000SA0,All Items (Seas),"1956",Aug,"1956 Aug",27.31
CUSR0000SA0,All Items (Seas),"1956",Sep,"1956 Sep",27.35
CUSR0000SA0,All Items (Seas),"1956",Oct,"1956 Oct",27.51
CUSR0000SA0,All Items (Seas),"1956",Nov,"1956 Nov",27.51
CUSR0000SA0,All Items (Seas),"1956",Dec,"1956 Dec",27.63
CUSR0000SA0,All Items (Seas),"1957",Jan,"1957 Jan",27.67
CUSR0000SA0,All Items (Seas),"1957",Feb,"1957 Feb",27.8
CUSR0000SA0,All Items (Seas),"1957",Mar,"1957 Mar",27.86
CUSR0000SA0,All Items (Seas),"1957",Apr,"1957 Apr",27.93
CUSR0000SA0,All Items (Seas),"1957",May,"1957 May",28.0
CUSR0000SA0,All Items (Seas),"1957",Jun,"1957 Jun",28.11
CUSR0000SA0,All Items (Seas),"1957",Jul,"1957 Jul",28.19
CUSR0000SA0,All Items (Seas),"1957",Aug,"1957 Aug",28.28
CUSR0000SA0,All Items (Seas),"1957",Sep,"1957 Sep",28.32
CUSR0000SA0,All Items (Seas),"1957",Oct,"1957 Oct",28.32
CUSR0000SA0,All Items (Seas),"1957",Nov,"1957 Nov",28.41
CUSR0000SA0,All Items (Seas),"1957",Dec,"1957 Dec",28.47
CUSR0000SA0,All Items (Seas),"1958",Jan,"1958 Jan",28.64
CUSR0000SA0,All Items (Seas),"1958",Feb,"1958 Feb",28.7
CUSR0000SA0,All Items (Seas),"1958",Mar,"1958 Mar",28.87
CUSR0000SA0,All Items (Seas),"1958",Apr,"1958 Apr",28.94
CUSR0000SA0,All Items (Seas),"1958",May,"1958 May",28.94
CUSR0000SA0,All Items (Seas),"1958",Jun,"1958 Jun",28.91
CUSR0000SA0,All Items (Seas),"1958",Jul,"1958 Jul",28.89
CUSR0000SA0,All Items (Seas),"1958",Aug,"1958 Aug",28.94
CUSR0000SA0,All Items (Seas),"1958",Sep,"1958 Sep",28.91
CUSR0000SA0,All Items (Seas),"1958",Oct,"1958 Oct",28.91
CUSR0000SA0,All Items (Seas),"1958",Nov,"1958 Nov",28.95
CUSR0000SA0,All Items (Seas),"1958",Dec,"1958 Dec",28.97
CUSR0000SA0,All Items (Seas),"1959",Jan,"1959 Jan",29.01
CUSR0000SA0,All Items (Seas),"1959",Feb,"1959 Feb",29.0
CUSR0000SA0,All Items (Seas),"1959",Mar,"1959 Mar",28.97
CUSR0000SA0,All Items (Seas),"1959",Apr,"1959 Apr",28.98
CUSR0000SA0,All Items (Seas),"1959",May,"1959 May",29.04
CUSR0000SA0,All Items (Seas),"1959",Jun,"1959 Jun",29.11
CUSR0000SA0,All Items (Seas),"1959",Jul,"1959 Jul",29.15
CUSR0000SA0,All Items (Seas),"1959",Aug,"1959 Aug",29.18
CUSR0000SA0,All Items (Seas),"1959",Sep,"1959 Sep",29.25
CUSR0000SA0,All Items (Seas),"1959",Oct,"1959 Oct",29.35
CUSR0000SA0,All Items (Seas),"1959",Nov,"1959 Nov",29.35
CUSR0000SA0,All Items (Seas),"1959",Dec,"1959 Dec",29.41
CUSR0000SA0,All Items (Seas),"1960",Jan,"1960 Jan",29.37
CUSR0000SA0,All Items (Seas),"1960",Feb,"1960 Feb",29.41
CUSR0000SA0,All Items (Seas),"1960",Mar,"1960 Mar",29.41
CUSR0000SA0,All Items (Seas),"1960",Apr,"1960 Apr",29.54
CUSR0000SA0,All Items (Seas),"1960",May,"1960 May",29.57
CUSR0000SA0,All Items (Seas),"1960",Jun,"1960 Jun",29.61
CUSR0000SA0,All Items (Seas),"1960",Jul,"1960 Jul",29.55
CUSR0000SA0,All Items (Seas),"1960",Aug,"1960 Aug",29.61
CUSR0000SA0,All Items (Seas),"1960",Sep,"1960 Sep",29.61
CUSR0000SA0,All Items (Seas),"1960",Oct,"1960 Oct",29.75
CUSR0000SA0,All Items (Seas),"1960",Nov,"1960 Nov",29.78
CUSR0000SA0,All Items (Seas),"1960",Dec,"1960 Dec",29.81
CUSR0000SA0,All Items (Seas),"1961",Jan,"1961 Jan",29.84
CUSR0000SA0,All Items (Seas),"1961",Feb,"1961 Feb",29.84
CUSR0000SA0,All Items (Seas),"1961",Mar,"1961 Mar",29.84
CUSR0000SA0,All Items (Seas),"1961",Apr,"1961 Apr",29.81
CUSR0000SA0,All Items (Seas),"1961",May,"1961 May",29.84
CUSR0000SA0,All Items (Seas),"1961",Jun,"1961 Jun",29.84
CUSR0000SA0,All Items (Seas),"1961",Jul,"1961 Jul",29.92
CUSR0000SA0,All Items (Seas),"1961",Aug,"1961 Aug",29.94
CUSR0000SA0,All Items (Seas),"1961",Sep,"1961 Sep",29.98
CUSR0000SA0,All Items (Seas),"1961",Oct,"1961 Oct",29.98
CUSR0000SA0,All Items (Seas),"1961",Nov,"1961 Nov",29.98
CUSR0000SA0,All Items (Seas),"1961",Dec,"1961 Dec",30.01
CUSR0000SA0,All Items (Seas),"1962",Jan,"1962 Jan",30.04
CUSR0000SA0,All Items (Seas),"1962",Feb,"1962 Feb",30.11
CUSR0000SA0,All Items (Seas),"1962",Mar,"1962 Mar",30.17
CUSR0000SA0,All Items (Seas),"1962",Apr,"1962 Apr",30.21
CUSR0000SA0,All Items (Seas),"1962",May,"1962 May",30.24
CUSR0000SA0,All Items (Seas),"1962",Jun,"1962 Jun",30.21
CUSR0000SA0,All Items (Seas),"1962",Jul,"1962 Jul",30.22
CUSR0000SA0,All Items (Seas),"1962",Aug,"1962 Aug",30.28
CUSR0000SA0,All Items (Seas),"1962",Sep,"1962 Sep",30.42
CUSR0000SA0,All Items (Seas),"1962",Oct,"1962 Oct",30.38
CUSR0000SA0,All Items (Seas),"1962",Nov,"1962 Nov",30.38
CUSR0000SA0,All Items (Seas),"1962",Dec,"1962 Dec",30.38
CUSR0000SA0,All Items (Seas),"1963",Jan,"1963 Jan",30.44
CUSR0000SA0,All Items (Seas),"1963",Feb,"1963 Feb",30.48
CUSR0000SA0,All Items (Seas),"1963",Mar,"1963 Mar",30.51
CUSR0000SA0,All Items (Seas),"1963",Apr,"1963 Apr",30.48
CUSR0000SA0,All Items (Seas),"1963",May,"1963 May",30.51
CUSR0000SA0,All Items (Seas),"1963",Jun,"1963 Jun",30.61
CUSR0000SA0,All Items (Seas),"1963",Jul,"1963 Jul",30.69
CUSR0000SA0,All Items (Seas),"1963",Aug,"1963 Aug",30.75
CUSR0000SA0,All Items (Seas),"1963",Sep,"1963 Sep",30.72
CUSR0000SA0,All Items (Seas),"1963",Oct,"1963 Oct",30.75
CUSR0000SA0,All Items (Seas),"1963",Nov,"1963 Nov",30.78
CUSR0000SA0,All Items (Seas),"1963",Dec,"1963 Dec",30.88
CUSR0000SA0,All Items (Seas),"1964",Jan,"1964 Jan",30.94
CUSR0000SA0,All Items (Seas),"1964",Feb,"1964 Feb",30.91
CUSR0000SA0,All Items (Seas),"1964",Mar,"1964 Mar",30.94
CUSR0000SA0,All Items (Seas),"1964",Apr,"1964 Apr",30.95
CUSR0000SA0,All Items (Seas),"1964",May,"1964 May",30.98
CUSR0000SA0,All Items (Seas),"1964",Jun,"1964 Jun",31.01
CUSR0000SA0,All Items (Seas),"1964",Jul,"1964 Jul",31.02
CUSR0000SA0,All Items (Seas),"1964",Aug,"1964 Aug",31.05
CUSR0000SA0,All Items (Seas),"1964",Sep,"1964 Sep",31.08
CUSR0000SA0,All Items (Seas),"1964",Oct,"1964 Oct",31.12
CUSR0000SA0,All Items (Seas),"1964",Nov,"1964 Nov",31.21
CUSR0000SA0,All Items (Seas),"1964",Dec,"1964 Dec",31.25
CUSR0000SA0,All Items (Seas),"1965",Jan,"1965 Jan",31.28
CUSR0000SA0,All Items (Seas),"1965",Feb,"1965 Feb",31.28
CUSR0000SA0,All Items (Seas),"1965",Mar,"1965 Mar",31.31
CUSR0000SA0,All Items (Seas),"1965",Apr,"1965 Apr",31.38
CUSR0000SA0,All Items (Seas),"1965",May,"1965 May",31.48
CUSR0000SA0,All Items (Seas),"1965",Jun,"1965 Jun",31.61
CUSR0000SA0,All Items (Seas),"1965",Jul,"1965 Jul",31.58
CUSR0000SA0,All Items (Seas),"1965",Aug,"1965 Aug",31.55
CUSR0000SA0,All Items (Seas),"1965",Sep,"1965 Sep",31.62
CUSR0000SA0,All Items (Seas),"1965",Oct,"1965 Oct",31.65
CUSR0000SA0,All Items (Seas),"1965",Nov,"1965 Nov",31.75
CUSR0000SA0,All Items (Seas),"1965",Dec,"1965 Dec",31.85
CUSR0000SA0,All Items (Seas),"1966",Jan,"1966 Jan",31.88
CUSR0000SA0,All Items (Seas),"1966",Feb,"1966 Feb",32.08
CUSR0000SA0,All Items (Seas),"1966",Mar,"1966 Mar",32.18
CUSR0000SA0,All Items (Seas),"1966",Apr,"1966 Apr",32.28
CUSR0000SA0,All Items (Seas),"1966",May,"1966 May",32.35
CUSR0000SA0,All Items (Seas),"1966",Jun,"1966 Jun",32.38
CUSR0000SA0,All Items (Seas),"1966",Jul,"1966 Jul",32.45
CUSR0000SA0,All Items (Seas),"1966",Aug,"1966 Aug",32.65
CUSR0000SA0,All Items (Seas),"1966",Sep,"1966 Sep",32.75
CUSR0000SA0,All Items (Seas),"1966",Oct,"1966 Oct",32.85
CUSR0000SA0,All Items (Seas),"1966",Nov,"1966 Nov",32.88
CUSR0000SA0,All Items (Seas),"1966",Dec,"1966 Dec",32.92
CUSR0000SA0,All Items (Seas),"1967",Jan,"1967 Jan",32.9
CUSR0000SA0,All Items (Seas),"1967",Feb,"1967 Feb",33.0
CUSR0000SA0,All Items (Seas),"1967",Mar,"1967 Mar",33.0
CUSR0000SA0,All Items (Seas),"1967",Apr,"1967 Apr",33.1
CUSR0000SA0,All Items (Seas),"1967",May,"1967 May",33.1
CUSR0000SA0,All Items (Seas),"1967",Jun,"1967 Jun",33.3
CUSR0000SA0,All Items (Seas),"1967",Jul,"1967 Jul",33.4
CUSR0000SA0,All Items (Seas),"1967",Aug,"1967 Aug",33.5
CUSR0000SA0,All Items (Seas),"1967",Sep,"1967 Sep",33.6
CUSR0000SA0,All Items (Seas),"1967",Oct,"1967 Oct",33.7
CUSR0000SA0,All Items (Seas),"1967",Nov,"1967 Nov",33.9
CUSR0000SA0,All Items (Seas),"1967",Dec,"1967 Dec",34.0
CUSR0000SA0,All Items (Seas),"1968",Jan,"1968 Jan",34.1
CUSR0000SA0,All Items (Seas),"1968",Feb,"1968 Feb",34.2
CUSR0000SA0,All Items (Seas),"1968",Mar,"1968 Mar",34.3
CUSR0000SA0,All Items (Seas),"1968",Apr,"1968 Apr",34.4
CUSR0000SA0,All Items (Seas),"1968",May,"1968 May",34.5
CUSR0000SA0,All Items (Seas),"1968",Jun,"1968 Jun",34.7
CUSR0000SA0,All Items (Seas),"1968",Jul,"1968 Jul",34.9
CUSR0000SA0,All Items (Seas),"1968",Aug,"1968 Aug",35.0
CUSR0000SA0,All Items (Seas),"1968",Sep,"1968 Sep",35.1
CUSR0000SA0,All Items (Seas),"1968",Oct,"1968 Oct",35.3
CUSR0000SA0,All Items (Seas),"1968",Nov,"1968 Nov",35.4
CUSR0000SA0,All Items (Seas),"1968",Dec,"1968 Dec",35.6
CUSR0000SA0,All Items (Seas),"1969",Jan,"1969 Jan",35.7
CUSR0000SA0,All Items (Seas),"1969",Feb,"1969 Feb",35.8
CUSR0000SA0,All Items (Seas),"1969",Mar,"1969 Mar",36.1
CUSR0000SA0,All Items (Seas),"1969",Apr,"1969 Apr",36.3
CUSR0000SA0,All Items (Seas),"1969",May,"1969 May",36.4
CUSR0000SA0,All Items (Seas),"1969",Jun,"1969 Jun",36.6
CUSR0000SA0,All Items (Seas),"1969",Jul,"1969 Jul",36.8
CUSR0000SA0,All Items (Seas),"1969",Aug,"1969 Aug",36.9
CUSR0000SA0,All Items (Seas),"1969",Sep,"1969 Sep",37.1
CUSR0000SA0,All Items (Seas),"1969",Oct,"1969 Oct",37.3
CUSR0000SA0,All Items (Seas),"1969",Nov,"1969 Nov",37.5
CUSR0000SA0,All Items (Seas),"1969",Dec,"1969 Dec",37.7
CUSR0000SA0,All Items (Seas),"1970",Jan,"1970 Jan",37.9
CUSR0000SA0,All Items (Seas),"1970",Feb,"1970 Feb",38.1
CUSR0000SA0,All Items (Seas),"1970",Mar,"1970 Mar",38.3
CUSR0000SA0,All Items (Seas),"1970",Apr,"1970 Apr",38.5
CUSR0000SA0,All Items (Seas),"1970",May,"1970 May",38.6
CUSR0000SA0,All Items (Seas),"1970",Jun,"1970 Jun",38.8
CUSR0000SA0,All Items (Seas),"1970",Jul,"1970 Jul",38.9
CUSR0000SA0,All Items (Seas),"1970",Aug,"1970 Aug",39.0
CUSR0000SA0,All Items (Seas),"1970",Sep,"1970 Sep",39.2
CUSR0000SA0,All Items (Seas),"1970",Oct,"1970 Oct",39.4
CUSR0000SA0,All Items (Seas),"1970",Nov,"1970 Nov",39.6
CUSR0000SA0,All Items (Seas),"1970",Dec,"1970 Dec",39.8
CUSR0000SA0,All Items (Seas),"1971",Jan,"1971 Jan",39.9
CUSR0000SA0,All Items (Seas),"1971",Feb,"1971 Feb",39.9
CUSR0000SA0,All Items (Seas),"1971",Mar,"1971 Mar",40.0
CUSR0000SA0,All Items (Seas),"1971",Apr,"1971 Apr",40.1
CUSR0000SA0,All Items (Seas),"1971",May,"1971 May",40.3
CUSR0000SA0,All Items (Seas),"1971",Jun,"1971 Jun",40.5
CUSR0000SA0,All Items (Seas),"1971",Jul,"1971 Jul",40.6
CUSR0000SA0,All Items (Seas),"1971",Aug,"1971 Aug",40.7
CUSR0000SA0,All Items (Seas),"1971",Sep,"1971 Sep",40.8
CUSR0000SA0,All Items (Seas),"1971",Oct,"1971 Oct",40.9
CUSR0000SA0,All Items (Seas),"1971",Nov,"1971 Nov",41.0
CUSR0000SA0,All Items (Seas),"1971",Dec,"1971 Dec",41.1
CUSR0000SA0,All Items (Seas),"1972",Jan,"1972 Jan",41.2
CUSR0000SA0,All Items (Seas),"1972",Feb,"1972 Feb",41.4
CUSR0000SA0,All Items (Seas),"1972",Mar,"1972 Mar",41.4
CUSR0000SA0,All Items (Seas),"1972",Apr,"1972 Apr",41.5
CUSR0000SA0,All Items (Seas),"1972",May,"1972 May",41.6
CUSR0000SA0,All Items (Seas),"1972",Jun,"1972 Jun",41.7
CUSR0000SA0,All Items (Seas),"1972",Jul,"1972 Jul",41.8
CUSR0000SA0,All Items (Seas),"1972",Aug,"1972 Aug",41.9
CUSR0000SA0,All Items (Seas),"1972",Sep,"1972 Sep",42.1
CUSR0000SA0,All Items (Seas),"1972",Oct,"1972 Oct",42.2
CUSR0000SA0,All Items (Seas),"1972",Nov,"1972 Nov",42.4
CUSR0000SA0,All Items (Seas),"1972",Dec,"1972 Dec",42.5
CUSR0000SA0,All Items (Seas),"1973",Jan,"1973 Jan",42.7
CUSR0000SA0,All Items (Seas),"1973",Feb,"1973 Feb",43.0
CUSR0000SA0,All Items (Seas),"1973",Mar,"1973 Mar",43.4
CUSR0000SA0,All Items (Seas),"1973",Apr,"1973 Apr",43.7
CUSR0000SA0,All Items (Seas),"1973",May,"1973 May",43.9
CUSR0000SA0,All Items (Seas),"1973",Jun,"1973 Jun",44.2
CUSR0000SA0,All Items (Seas),"1973",Jul,"1973 Jul",44.2
CUSR0000SA0,All Items (Seas),"1973",Aug,"1973 Aug",45.0
CUSR0000SA0,All Items (Seas),"1973",Sep,"1973 Sep",45.2
CUSR0000SA0,All Items (Seas),"1973",Oct,"1973 Oct",45.6
CUSR0000SA0,All Items (Seas),"1973",Nov,"1973 Nov",45.9
CUSR0000SA0,All Items (Seas),"1973",Dec,"1973 Dec",46.3
CUSR0000SA0,All Items (Seas),"1974",Jan,"1974 Jan",46.8
CUSR0000SA0,All Items (Seas),"1974",Feb,"1974 Feb",47.3
CUSR0000SA0,All Items (Seas),"1974",Mar,"1974 Mar",47.8
CUSR0000SA0,All Items (Seas),"1974",Apr,"1974 Apr",48.1
CUSR0000SA0,All Items (Seas),"1974",May,"1974 May",48.6
CUSR0000SA0,All Items (Seas),"1974",Jun,"1974 Jun",49.0
CUSR0000SA0,All Items (Seas),"1974",Jul,"1974 Jul",49.3
CUSR0000SA0,All Items (Seas),"1974",Aug,"1974 Aug",49.9
CUSR0000SA0,All Items (Seas),"1974",Sep,"1974 Sep",50.6
CUSR0000SA0,All Items (Seas),"1974",Oct,"1974 Oct",51.0
CUSR0000SA0,All Items (Seas),"1974",Nov,"1974 Nov",51.5
CUSR0000SA0,All Items (Seas),"1974",Dec,"1974 Dec",51.9
CUSR0000SA0,All Items (Seas),"1975",Jan,"1975 Jan",52.3
CUSR0000SA0,All Items (Seas),"1975",Feb,"1975 Feb",52.6
CUSR0000SA0,All Items (Seas),"1975",Mar,"1975 Mar",52.8
CUSR0000SA0,All Items (Seas),"1975",Apr,"1975 Apr",53.0
CUSR0000SA0,All Items (Seas),"1975",May,"1975 May",53.1
CUSR0000SA0,All Items (Seas),"1975",Jun,"1975 Jun",53.5
CUSR0000SA0,All Items (Seas),"1975",Jul,"1975 Jul",54.0
CUSR0000SA0,All Items (Seas),"1975",Aug,"1975 Aug",54.2
CUSR0000SA0,All Items (Seas),"1975",Sep,"1975 Sep",54.6
CUSR0000SA0,All Items (Seas),"1975",Oct,"1975 Oct",54.9
CUSR0000SA0,All Items (Seas),"1975",Nov,"1975 Nov",55.3
CUSR0000SA0,All Items (Seas),"1975",Dec,"1975 Dec",55.6
CUSR0000SA0,All Items (Seas),"1976",Jan,"1976 Jan",55.8
CUSR0000SA0,All Items (Seas),"1976",Feb,"1976 Feb",55.9
CUSR0000SA0,All Items (Seas),"1976",Mar,"1976 Mar",56.0
CUSR0000SA0,All Items (Seas),"1976",Apr,"1976 Apr",56.1
CUSR0000SA0,All Items (Seas),"1976",May,"1976 May",56.4
CUSR0000SA0,All Items (Seas),"1976",Jun,"1976 Jun",56.7
CUSR0000SA0,All Items (Seas),"1976",Jul,"1976 Jul",57.0
CUSR0000SA0,All Items (Seas),"1976",Aug,"1976 Aug",57.3
CUSR0000SA0,All Items (Seas),"1976",Sep,"1976 Sep",57.6
CUSR0000SA0,All Items (Seas),"1976",Oct,"1976 Oct",57.9
CUSR0000SA0,All Items (Seas),"1976",Nov,"1976 Nov",58.1
CUSR0000SA0,All Items (Seas),"1976",Dec,"1976 Dec",58.4
CUSR0000SA0,All Items (Seas),"1977",Jan,"1977 Jan",58.7
CUSR0000SA0,All Items (Seas),"1977",Feb,"1977 Feb",59.3
CUSR0000SA0,All Items (Seas),"1977",Mar,"1977 Mar",59.6
CUSR0000SA0,All Items (Seas),"1977",Apr,"1977 Apr",60.0
CUSR0000SA0,All Items (Seas),"1977",May,"1977 May",60.2
CUSR0000SA0,All Items (Seas),"1977",Jun,"1977 Jun",60.5
CUSR0000SA0,All Items (Seas),"1977",Jul,"1977 Jul",60.8
CUSR0000SA0,All Items (Seas),"1977",Aug,"1977 Aug",61.1
CUSR0000SA0,All Items (Seas),"1977",Sep,"1977 Sep",61.3
CUSR0000SA0,All Items (Seas),"1977",Oct,"1977 Oct",61.6
CUSR0000SA0,All Items (Seas),"1977",Nov,"1977 Nov",62.0
CUSR0000SA0,All Items (Seas),"1977",Dec,"1977 Dec",62.3
CUSR0000SA0,All Items (Seas),"1978",Jan,"1978 Jan",62.7
CUSR0000SA0,All Items (Seas),"1978",Feb,"1978 Feb",63.0
CUSR0000SA0,All Items (Seas),"1978",Mar,"1978 Mar",63.4
CUSR0000SA0,All Items (Seas),"1978",Apr,"1978 Apr",63.9
CUSR0000SA0,All Items (Seas),"1978",May,"1978 May",64.5
CUSR0000SA0,All Items (Seas),"1978",Jun,"1978 Jun",65.0
CUSR0000SA0,All Items (Seas),"1978",Jul,"1978 Jul",65.5
CUSR0000SA0,All Items (Seas),"1978",Aug,"1978 Aug",65.9
CUSR0000SA0,All Items (Seas),"1978",Sep,"1978 Sep",66.5
CUSR0000SA0,All Items (Seas),"1978",Oct,"1978 Oct",67.1
CUSR0000SA0,All Items (Seas),"1978",Nov,"1978 Nov",67.5
CUSR0000SA0,All Items (Seas),"1978",Dec,"1978 Dec",67.9
CUSR0000SA0,All Items (Seas),"1979",Jan,"1979 Jan",68.5
CUSR0000SA0,All Items (Seas),"1979",Feb,"1979 Feb",69.2
CUSR0000SA0,All Items (Seas),"1979",Mar,"1979 Mar",69.9
CUSR0000SA0,All Items (Seas),"1979",Apr,"1979 Apr",70.6
CUSR0000SA0,All Items (Seas),"1979",May,"1979 May",71.4
CUSR0000SA0,All Items (Seas),"1979",Jun,"1979 Jun",72.2
CUSR0000SA0,All Items (Seas),"1979",Jul,"1979 Jul",73.0
CUSR0000SA0,All Items (Seas),"1979",Aug,"1979 Aug",73.7
CUSR0000SA0,All Items (Seas),"1979",Sep,"1979 Sep",74.4
CUSR0000SA0,All Items (Seas),"1979",Oct,"1979 Oct",75.2
CUSR0000SA0,All Items (Seas),"1979",Nov,"1979 Nov",76.0
CUSR0000SA0,All Items (Seas),"1979",Dec,"1979 Dec",76.9
CUSR0000SA0,All Items (Seas),"1980",Jan,"1980 Jan",78.0
CUSR0000SA0,All Items (Seas),"1980",Feb,"1980 Feb",79.0
CUSR0000SA0,All Items (Seas),"1980",Mar,"1980 Mar",80.1
CUSR0000SA0,All Items (Seas),"1980",Apr,"1980 Apr",80.9
CUSR0000SA0,All Items (Seas),"1980",May,"1980 May",81.7
CUSR0000SA0,All Items (Seas),"1980",Jun,"1980 Jun",82.5
CUSR0000SA0,All Items (Seas),"1980",Jul,"1980 Jul",82.6
CUSR0000SA0,All Items (Seas),"1980",Aug,"1980 Aug",83.2
CUSR0000SA0,All Items (Seas),"1980",Sep,"1980 Sep",83.9
CUSR0000SA0,All Items (Seas),"1980",Oct,"1980 Oct",84.7
CUSR0000SA0,All Items (Seas),"1980",Nov,"1980 Nov",85.6
CUSR0000SA0,All Items (Seas),"1980",Dec,"1980 Dec",86.4
CUSR0000SA0,All Items (Seas),"1981",Jan,"1981 Jan",87.2
CUSR0000SA0,All Items (Seas),"1981",Feb,"1981 Feb",88.0
CUSR0000SA0,All Items (Seas),"1981",Mar,"1981 Mar",88.6
CUSR0000SA0,All Items (Seas),"1981",Apr,"1981 Apr",89.1
CUSR0000SA0,All Items (Seas),"1981",May,"1981 May",89.7
CUSR0000SA0,All Items (Seas),"1981",Jun,"1981 Jun",90.5
CUSR0000SA0,All Items (Seas),"1981",Jul,"1981 Jul",91.5
CUSR0000SA0,All Items (Seas),"1981",Aug,"1981 Aug",92.2
CUSR0000SA0,All Items (Seas),"1981",Sep,"1981 Sep",93.1
CUSR0000SA0,All Items (Seas),"1981",Oct,"1981 Oct",93.4
CUSR0000SA0,All Items (Seas),"1981",Nov,"1981 Nov",93.8
CUSR0000SA0,All Items (Seas),"1981",Dec,"1981 Dec",94.1
CUSR0000SA0,All Items (Seas),"1982",Jan,"1982 Jan",94.4
CUSR0000SA0,All Items (Seas),"1982",Feb,"1982 Feb",94.7
CUSR0000SA0,All Items (Seas),"1982",Mar,"1982 Mar",94.7
CUSR0000SA0,All Items (Seas),"1982",Apr,"1982 Apr",95.0
CUSR0000SA0,All Items (Seas),"1982",May,"1982 May",95.9
CUSR0000SA0,All Items (Seas),"1982",Jun,"1982 Jun",97.0
CUSR0000SA0,All Items (Seas),"1982",Jul,"1982 Jul",97.5
CUSR0000SA0,All Items (Seas),"1982",Aug,"1982 Aug",97.7
CUSR0000SA0,All Items (Seas),"1982",Sep,"1982 Sep",97.7
CUSR0000SA0,All Items (Seas),"1982",Oct,"1982 Oct",98.1
CUSR0000SA0,All Items (Seas),"1982",Nov,"1982 Nov",98.0
CUSR0000SA0,All Items (Seas),"1982",Dec,"1982 Dec",97.7
CUSR0000SA0,All Items (Seas),"1983",Jan,"1983 Jan",97.9
CUSR0000SA0,All Items (Seas),"1983",Feb,"1983 Feb",98.0
CUSR0000SA0,All Items (Seas),"1983",Mar,"1983 Mar",98.1
CUSR0000SA0,All Items (Seas),"1983",Apr,"1983 Apr",98.8
CUSR0000SA0,All Items (Seas),"1983",May,"1983 May",99.2
CUSR0000SA0,All Items (Seas),"1983",Jun,"1983 Jun",99.4
CUSR0000SA0,All Items (Seas),"1983",Jul,"1983 Jul",99.8
CUSR0000SA0,All Items (Seas),"1983",Aug,"1983 Aug",100.1
CUSR0000SA0,All Items (Seas),"1983",Sep,"1983 Sep",100.4
CUSR0000SA0,All Items (Seas),"1983",Oct,"1983 Oct",100.8
CUSR0000SA0,All Items (Seas),"1983",Nov,"1983 Nov",101.1
CUSR0000SA0,All Items (Seas),"1983",Dec,"1983 Dec",101.4
CUSR0000SA0,All Items (Seas),"1984",Jan,"1984 Jan",102.1
CUSR0000SA0,All Items (Seas),"1984",Feb,"1984 Feb",102.6
CUSR0000SA0,All Items (Seas),"1984",Mar,"1984 Mar",102.9
CUSR0000SA0,All Items (Seas),"1984",Apr,"1984 Apr",103.3
CUSR0000SA0,All Items (Seas),"1984",May,"1984 May",103.5
CUSR0000SA0,All Items (Seas),"1984",Jun,"1984 Jun",103.7
CUSR0000SA0,All Items (Seas),"1984",Jul,"1984 Jul",104.1
CUSR0000SA0,All Items (Seas),"1984",Aug,"1984 Aug",104.4
CUSR0000SA0,All Items (Seas),"1984",Sep,"1984 Sep",104.7
CUSR0000SA0,All Items (Seas),"1984",Oct,"1984 Oct",105.1
CUSR0000SA0,All Items (Seas),"1984",Nov,"1984 Nov",105.3
CUSR0000SA0,All Items (Seas),"1984",Dec,"1984 Dec",105.5
CUSR0000SA0,All Items (Seas),"1985",Jan,"1985 Jan",105.7
CUSR0000SA0,All Items (Seas),"1985",Feb,"1985 Feb",106.3
CUSR0000SA0,All Items (Seas),"1985",Mar,"1985 Mar",106.8
CUSR0000SA0,All Items (Seas),"1985",Apr,"1985 Apr",107.0
CUSR0000SA0,All Items (Seas),"1985",May,"1985 May",107.2
CUSR0000SA0,All Items (Seas),"1985",Jun,"1985 Jun",107.5
CUSR0000SA0,All Items (Seas),"1985",Jul,"1985 Jul",107.7
CUSR0000SA0,All Items (Seas),"1985",Aug,"1985 Aug",107.9
CUSR0000SA0,All Items (Seas),"1985",Sep,"1985 Sep",108.1
CUSR0000SA0,All Items (Seas),"1985",Oct,"1985 Oct",108.5
CUSR0000SA0,All Items (Seas),"1985",Nov,"1985 Nov",109.0
CUSR0000SA0,All Items (Seas),"1985",Dec,"1985 Dec",109.5
CUSR0000SA0,All Items (Seas),"1986",Jan,"1986 Jan",109.9
CUSR0000SA0,All Items (Seas),"1986",Feb,"1986 Feb",109.7
CUSR0000SA0,All Items (Seas),"1986",Mar,"1986 Mar",109.1
CUSR0000SA0,All Items (Seas),"1986",Apr,"1986 Apr",108.7
CUSR0000SA0,All Items (Seas),"1986",May,"1986 May",109.0
CUSR0000SA0,All Items (Seas),"1986",Jun,"1986 Jun",109.4
CUSR0000SA0,All Items (Seas),"1986",Jul,"1986 Jul",109.5
CUSR0000SA0,All Items (Seas),"1986",Aug,"1986 Aug",109.6
CUSR0000SA0,All Items (Seas),"1986",Sep,"1986 Sep",110.0
CUSR0000SA0,All Items (Seas),"1986",Oct,"1986 Oct",110.2
CUSR0000SA0,All Items (Seas),"1986",Nov,"1986 Nov",110.4
CUSR0000SA0,All Items (Seas),"1986",Dec,"1986 Dec",110.8
CUSR0000SA0,All Items (Seas),"1987",Jan,"1987 Jan",111.4
CUSR0000SA0,All Items (Seas),"1987",Feb,"1987 Feb",111.8
CUSR0000SA0,All Items (Seas),"1987",Mar,"1987 Mar",112.2
CUSR0000SA0,All Items (Seas),"1987",Apr,"1987 Apr",112.7
CUSR0000SA0,All Items (Seas),"1987",May,"1987 May",113.0
CUSR0000SA0,All Items (Seas),"1987",Jun,"1987 Jun",113.5
CUSR0000SA0,All Items (Seas),"1987",Jul,"1987 Jul",113.8
CUSR0000SA0,All Items (Seas),"1987",Aug,"1987 Aug",114.3
CUSR0000SA0,All Items (Seas),"1987",Sep,"1987 Sep",114.7
CUSR0000SA0,All Items (Seas),"1987",Oct,"1987 Oct",115.0
CUSR0000SA0,All Items (Seas),"1987",Nov,"1987 Nov",115.4
CUSR0000SA0,All Items (Seas),"1987",Dec,"1987 Dec",115.6
CUSR0000SA0,All Items (Seas),"1988",Jan,"1988 Jan",116.0
CUSR0000SA0,All Items (Seas),"1988",Feb,"1988 Feb",116.2
CUSR0000SA0,All Items (Seas),"1988",Mar,"1988 Mar",116.5
CUSR0000SA0,All Items (Seas),"1988",Apr,"1988 Apr",117.2
CUSR0000SA0,All Items (Seas),"1988",May,"1988 May",117.5
CUSR0000SA0,All Items (Seas),"1988",Jun,"1988 Jun",118.0
CUSR0000SA0,All Items (Seas),"1988",Jul,"1988 Jul",118.5
CUSR0000SA0,All Items (Seas),"1988",Aug,"1988 Aug",119.0
CUSR0000SA0,All Items (Seas),"1988",Sep,"1988 Sep",119.5
CUSR0000SA0,All Items (Seas),"1988",Oct,"1988 Oct",119.9
CUSR0000SA0,All Items (Seas),"1988",Nov,"1988 Nov",120.3
CUSR0000SA0,All Items (Seas),"1988",Dec,"1988 Dec",120.7
CUSR0000SA0,All Items (Seas),"1989",Jan,"1989 Jan",121.2
CUSR0000SA0,All Items (Seas),"1989",Feb,"1989 Feb",121.6
CUSR0000SA0,All Items (Seas),"1989",Mar,"1989 Mar",122.2
CUSR0000SA0,All Items (Seas),"1989",Apr,"1989 Apr",123.1
CUSR0000SA0,All Items (Seas),"1989",May,"1989 May",123.7
CUSR0000SA0,All Items (Seas),"1989",Jun,"1989 Jun",124.1
CUSR0000SA0,All Items (Seas),"1989",Jul,"1989 Jul",124.5
CUSR0000SA0,All Items (Seas),"1989",Aug,"1989 Aug",124.5
CUSR0000SA0,All Items (Seas),"1989",Sep,"1989 Sep",124.8
CUSR0000SA0,All Items (Seas),"1989",Oct,"1989 Oct",125.4
CUSR0000SA0,All Items (Seas),"1989",Nov,"1989 Nov",125.9
CUSR0000SA0,All Items (Seas),"1989",Dec,"1989 Dec",126.3
CUSR0000SA0,All Items (Seas),"1990",Jan,"1990 Jan",127.5
CUSR0000SA0,All Items (Seas),"1990",Feb,"1990 Feb",128.0
CUSR0000SA0,All Items (Seas),"1990",Mar,"1990 Mar",128.6
CUSR0000SA0,All Items (Seas),"1990",Apr,"1990 Apr",128.9
CUSR0000SA0,All Items (Seas),"1990",May,"1990 May",129.1
CUSR0000SA0,All Items (Seas),"1990",Jun,"1990 Jun",129.9
CUSR0000SA0,All Items (Seas),"1990",Jul,"1990 Jul",130.5
CUSR0000SA0,All Items (Seas),"1990",Aug,"1990 Aug",131.6
CUSR0000SA0,All Items (Seas),"1990",Sep,"1990 Sep",132.5
CUSR0000SA0,All Items (Seas),"1990",Oct,"1990 Oct",133.4
CUSR0000SA0,All Items (Seas),"1990",Nov,"1990 Nov",133.7
CUSR0000SA0,All Items (Seas),"1990",Dec,"1990 Dec",134.2
CUSR0000SA0,All Items (Seas),"1991",Jan,"1991 Jan",134.7
CUSR0000SA0,All Items (Seas),"1991",Feb,"1991 Feb",134.8
CUSR0000SA0,All Items (Seas),"1991",Mar,"1991 Mar",134.8
CUSR0000SA0,All Items (Seas),"1991",Apr,"1991 Apr",135.1
CUSR0000SA0,All Items (Seas),"1991",May,"1991 May",135.6
CUSR0000SA0,All Items (Seas),"1991",Jun,"1991 Jun",136.0
CUSR0000SA0,All Items (Seas),"1991",Jul,"1991 Jul",136.2
CUSR0000SA0,All Items (Seas),"1991",Aug,"1991 Aug",136.6
CUSR0000SA0,All Items (Seas),"1991",Sep,"1991 Sep",137.0
CUSR0000SA0,All Items (Seas),"1991",Oct,"1991 Oct",137.2
CUSR0000SA0,All Items (Seas),"1991",Nov,"1991 Nov",137.8
CUSR0000SA0,All Items (Seas),"1991",Dec,"1991 Dec",138.2
CUSR0000SA0,All Items (Seas),"1992",Jan,"1992 Jan",138.3
CUSR0000SA0,All Items (Seas),"1992",Feb,"1992 Feb",138.6
CUSR0000SA0,All Items (Seas),"1992",Mar,"1992 Mar",139.1
CUSR0000SA0,All Items (Seas),"1992",Apr,"1992 Apr",139.4
CUSR0000SA0,All Items (Seas),"1992",May,"1992 May",139.7
CUSR0000SA0,All Items (Seas),"1992",Jun,"1992 Jun",140.1
CUSR0000SA0,All Items (Seas),"1992",Jul,"1992 Jul",140.5
CUSR0000SA0,All Items (Seas),"1992",Aug,"1992 Aug",140.8
CUSR0000SA0,All Items (Seas),"1992",Sep,"1992 Sep",141.1
CUSR0000SA0,All Items (Seas),"1992",Oct,"1992 Oct",141.7
CUSR0000SA0,All Items (Seas),"1992",Nov,"1992 Nov",142.1
CUSR0000SA0,All Items (Seas),"1992",Dec,"1992 Dec",142.3
CUSR0000SA0,All Items (Seas),"1993",Jan,"1993 Jan",142.8
CUSR0000SA0,All Items (Seas),"1993",Feb,"1993 Feb",143.1
CUSR0000SA0,All Items (Seas),"1993",Mar,"1993 Mar",143.3
CUSR0000SA0,All Items (Seas),"1993",Apr,"1993 Apr",143.8
CUSR0000SA0,All Items (Seas),"1993",May,"1993 May",144.2
CUSR0000SA0,All Items (Seas),"1993",Jun,"1993 Jun",144.3
CUSR0000SA0,All Items (Seas),"1993",Jul,"1993 Jul",144.5
CUSR0000SA0,All Items (Seas),"1993",Aug,"1993 Aug",144.8
CUSR0000SA0,All Items (Seas),"1993",Sep,"1993 Sep",145.0
CUSR0000SA0,All Items (Seas),"1993",Oct,"1993 Oct",145.6
CUSR0000SA0,All Items (Seas),"1993",Nov,"1993 Nov",146.0
CUSR0000SA0,All Items (Seas),"1993",Dec,"1993 Dec",146.3
CUSR0000SA0,All Items (Seas),"1994",Jan,"1994 Jan",146.3
CUSR0000SA0,All Items (Seas),"1994",Feb,"1994 Feb",146.7
CUSR0000SA0,All Items (Seas),"1994",Mar,"1994 Mar",147.1
CUSR0000SA0,All Items (Seas),"1994",Apr,"1994 Apr",147.2
CUSR0000SA0,All Items (Seas),"1994",May,"1994 May",147.5
CUSR0000SA0,All Items (Seas),"1994",Jun,"1994 Jun",147.9
CUSR0000SA0,All Items (Seas),"1994",Jul,"1994 Jul",148.4
CUSR0000SA0,All Items (Seas),"1994",Aug,"1994 Aug",149.0
CUSR0000SA0,All Items (Seas),"1994",Sep,"1994 Sep",149.3
CUSR0000SA0,All Items (Seas),"1994",Oct,"1994 Oct",149.4
CUSR0000SA0,All Items (Seas),"1994",Nov,"1994 Nov",149.8
CUSR0000SA0,All Items (Seas),"1994",Dec,"1994 Dec",150.1
CUSR0000SA0,All Items (Seas),"1995",Jan,"1995 Jan",150.5
CUSR0000SA0,All Items (Seas),"1995",Feb,"1995 Feb",150.9
CUSR0000SA0,All Items (Seas),"1995",Mar,"1995 Mar",151.2
CUSR0000SA0,All Items (Seas),"1995",Apr,"1995 Apr",151.8
CUSR0000SA0,All Items (Seas),"1995",May,"1995 May",152.1
CUSR0000SA0,All Items (Seas),"1995",Jun,"1995 Jun",152.4
CUSR0000SA0,All Items (Seas),"1995",Jul,"1995 Jul",152.6
CUSR0000SA0,All Items (Seas),"1995",Aug,"1995 Aug",152.9
CUSR0000SA0,All Items (Seas),"1995",Sep,"1995 Sep",153.1
CUSR0000SA0,All Items (Seas),"1995",Oct,"1995 Oct",153.5
CUSR0000SA0,All Items (Seas),"1995",Nov,"1995 Nov",153.7
CUSR0000SA0,All Items (Seas),"1995",Dec,"1995 Dec",153.9
CUSR0000SA0,All Items (Seas),"1996",Jan,"1996 Jan",154.7
CUSR0000SA0,All Items (Seas),"1996",Feb,"1996 Feb",155.0
CUSR0000SA0,All Items (Seas),"1996",Mar,"1996 Mar",155.5
CUSR0000SA0,All Items (Seas),"1996",Apr,"1996 Apr",156.1
CUSR0000SA0,All Items (Seas),"1996",May,"1996 May",156.4
CUSR0000SA0,All Items (Seas),"1996",Jun,"1996 Jun",156.7
CUSR0000SA0,All Items (Seas),"1996",Jul,"1996 Jul",157.0
CUSR0000SA0,All Items (Seas),"1996",Aug,"1996 Aug",157.2
CUSR0000SA0,All Items (Seas),"1996",Sep,"1996 Sep",157.7
CUSR0000SA0,All Items (Seas),"1996",Oct,"1996 Oct",158.2
CUSR0000SA0,All Items (Seas),"1996",Nov,"1996 Nov",158.7
CUSR0000SA0,All Items (Seas),"1996",Dec,"1996 Dec",159.1
CUSR0000SA0,All Items (Seas),"1997",Jan,"1997 Jan",159.4
CUSR0000SA0,All Items (Seas),"1997",Feb,"1997 Feb",159.7
CUSR0000SA0,All Items (Seas),"1997",Mar,"1997 Mar",159.8
CUSR0000SA0,All Items (Seas),"1997",Apr,"1997 Apr",159.9
CUSR0000SA0,All Items (Seas),"1997",May,"1997 May",159.9
CUSR0000SA0,All Items (Seas),"1997",Jun,"1997 Jun",160.2
CUSR0000SA0,All Items (Seas),"1997",Jul,"1997 Jul",160.4
CUSR0000SA0,All Items (Seas),"1997",Aug,"1997 Aug",160.8
CUSR0000SA0,All Items (Seas),"1997",Sep,"1997 Sep",161.2
CUSR0000SA0,All Items (Seas),"1997",Oct,"1997 Oct",161.5
CUSR0000SA0,All Items (Seas),"1997",Nov,"1997 Nov",161.7
CUSR0000SA0,All Items (Seas),"1997",Dec,"1997 Dec",161.8
CUSR0000SA0,All Items (Seas),"1998",Jan,"1998 Jan",162.0
CUSR0000SA0,All Items (Seas),"1998",Feb,"1998 Feb",162.0
CUSR0000SA0,All Items (Seas),"1998",Mar,"1998 Mar",162.0
CUSR0000SA0,All Items (Seas),"1998",Apr,"1998 Apr",162.2
CUSR0000SA0,All Items (Seas),"1998",May,"1998 May",162.6
CUSR0000SA0,All Items (Seas),"1998",Jun,"1998 Jun",162.8
CUSR0000SA0,All Items (Seas),"1998",Jul,"1998 Jul",163.2
CUSR0000SA0,All Items (Seas),"1998",Aug,"1998 Aug",163.4
CUSR0000SA0,All Items (Seas),"1998",Sep,"1998 Sep",163.5
CUSR0000SA0,All Items (Seas),"1998",Oct,"1998 Oct",163.9
CUSR0000SA0,All Items (Seas),"1998",Nov,"1998 Nov",164.1
CUSR0000SA0,All Items (Seas),"1998",Dec,"1998 Dec",164.4
CUSR0000SA0,All Items (Seas),"1999",Jan,"1999 Jan",164.7
CUSR0000SA0,All Items (Seas),"1999",Feb,"1999 Feb",164.7
CUSR0000SA0,All Items (Seas),"1999",Mar,"1999 Mar",164.8
CUSR0000SA0,All Items (Seas),"1999",Apr,"1999 Apr",165.9
CUSR0000SA0,All Items (Seas),"1999",May,"1999 May",166.0
CUSR0000SA0,All Items (Seas),"1999",Jun,"1999 Jun",166.0
CUSR0000SA0,All Items (Seas),"1999",Jul,"1999 Jul",166.7
CUSR0000SA0,All Items (Seas),"1999",Aug,"1999 Aug",167.1
CUSR0000SA0,All Items (Seas),"1999",Sep,"1999 Sep",167.8
CUSR0000SA0,All Items (Seas),"1999",Oct,"1999 Oct",168.1
CUSR0000SA0,All Items (Seas),"1999",Nov,"1999 Nov",168.4
CUSR0000SA0,All Items (Seas),"1999",Dec,"1999 Dec",168.8
CUSR0000SA0,All Items (Seas),"2000",Jan,"2000 Jan",169.3
CUSR0000SA0,All Items (Seas),"2000",Feb,"2000 Feb",170.0
CUSR0000SA0,All Items (Seas),"2000",Mar,"2000 Mar",171.0
CUSR0000SA0,All Items (Seas),"2000",Apr,"2000 Apr",170.9
CUSR0000SA0,All Items (Seas),"2000",May,"2000 May",171.2
CUSR0000SA0,All Items (Seas),"2000",Jun,"2000 Jun",172.2
CUSR0000SA0,All Items (Seas),"2000",Jul,"2000 Jul",172.7
CUSR0000SA0,All Items (Seas),"2000",Aug,"2000 Aug",172.7
CUSR0000SA0,All Items (Seas),"2000",Sep,"2000 Sep",173.6
CUSR0000SA0,All Items (Seas),"2000",Oct,"2000 Oct",173.9
CUSR0000SA0,All Items (Seas),"2000",Nov,"2000 Nov",174.2
CUSR0000SA0,All Items (Seas),"2000",Dec,"2000 Dec",174.6
CUSR0000SA0,All Items (Seas),"2001",Jan,"2001 Jan",175.6
CUSR0000SA0,All Items (Seas),"2001",Feb,"2001 Feb",176.0
CUSR0000SA0,All Items (Seas),"2001",Mar,"2001 Mar",176.1
CUSR0000SA0,All Items (Seas),"2001",Apr,"2001 Apr",176.4
CUSR0000SA0,All Items (Seas),"2001",May,"2001 May",177.3
CUSR0000SA0,All Items (Seas),"2001",Jun,"2001 Jun",177.7
CUSR0000SA0,All Items (Seas),"2001",Jul,"2001 Jul",177.4
CUSR0000SA0,All Items (Seas),"2001",Aug,"2001 Aug",177.4
CUSR0000SA0,All Items (Seas),"2001",Sep,"2001 Sep",178.1
CUSR0000SA0,All Items (Seas),"2001",Oct,"2001 Oct",177.6
CUSR0000SA0,All Items (Seas),"2001",Nov,"2001 Nov",177.5
CUSR0000SA0,All Items (Seas),"2001",Dec,"2001 Dec",177.4
CUSR0000SA0,All Items (Seas),"2002",Jan,"2002 Jan",177.7
CUSR0000SA0,All Items (Seas),"2002",Feb,"2002 Feb",178.0
CUSR0000SA0,All Items (Seas),"2002",Mar,"2002 Mar",178.5
CUSR0000SA0,All Items (Seas),"2002",Apr,"2002 Apr",179.3
CUSR0000SA0,All Items (Seas),"2002",May,"2002 May",179.5
CUSR0000SA0,All Items (Seas),"2002",Jun,"2002 Jun",179.6
CUSR0000SA0,All Items (Seas),"2002",Jul,"2002 Jul",180.0
CUSR0000SA0,All Items (Seas),"2002",Aug,"2002 Aug",180.5
CUSR0000SA0,All Items (Seas),"2002",Sep,"2002 Sep",180.8
CUSR0000SA0,All Items (Seas),"2002",Oct,"2002 Oct",181.2
CUSR0000SA0,All Items (Seas),"2002",Nov,"2002 Nov",181.5
CUSR0000SA0,All Items (Seas),"2002",Dec,"2002 Dec",181.8
CUSR0000SA0,All Items (Seas),"2003",Jan,"2003 Jan",182.6
CUSR0000SA0,All Items (Seas),"2003",Feb,"2003 Feb",183.6
CUSR0000SA0,All Items (Seas),"2003",Mar,"2003 Mar",183.9
CUSR0000SA0,All Items (Seas),"2003",Apr,"2003 Apr",183.2
CUSR0000SA0,All Items (Seas),"2003",May,"2003 May",182.9
CUSR0000SA0,All Items (Seas),"2003",Jun,"2003 Jun",183.1
CUSR0000SA0,All Items (Seas),"2003",Jul,"2003 Jul",183.7
CUSR0000SA0,All Items (Seas),"2003",Aug,"2003 Aug",184.5
CUSR0000SA0,All Items (Seas),"2003",Sep,"2003 Sep",185.1
CUSR0000SA0,All Items (Seas),"2003",Oct,"2003 Oct",184.9
CUSR0000SA0,All Items (Seas),"2003",Nov,"2003 Nov",185.0
CUSR0000SA0,All Items (Seas),"2003",Dec,"2003 Dec",185.5
CUSR0000SA0,All Items (Seas),"2004",Jan,"2004 Jan",186.3
CUSR0000SA0,All Items (Seas),"2004",Feb,"2004 Feb",186.7
CUSR0000SA0,All Items (Seas),"2004",Mar,"2004 Mar",187.1
CUSR0000SA0,All Items (Seas),"2004",Apr,"2004 Apr",187.4
CUSR0000SA0,All Items (Seas),"2004",May,"2004 May",188.2
CUSR0000SA0,All Items (Seas),"2004",Jun,"2004 Jun",188.9
CUSR0000SA0,All Items (Seas),"2004",Jul,"2004 Jul",189.1
CUSR0000SA0,All Items (Seas),"2004",Aug,"2004 Aug",189.2
CUSR0000SA0,All Items (Seas),"2004",Sep,"2004 Sep",189.8
CUSR0000SA0,All Items (Seas),"2004",Oct,"2004 Oct",190.8
CUSR0000SA0,All Items (Seas),"2004",Nov,"2004 Nov",191.7
CUSR0000SA0,All Items (Seas),"2004",Dec,"2004 Dec",191.7
CUSR0000SA0,All Items (Seas),"2005",Jan,"2005 Jan",191.6
CUSR0000SA0,All Items (Seas),"2005",Feb,"2005 Feb",192.4
CUSR0000SA0,All Items (Seas),"2005",Mar,"2005 Mar",193.1
CUSR0000SA0,All Items (Seas),"2005",Apr,"2005 Apr",193.7
CUSR0000SA0,All Items (Seas),"2005",May,"2005 May",193.6
CUSR0000SA0,All Items (Seas),"2005",Jun,"2005 Jun",193.7
CUSR0000SA0,All Items (Seas),"2005",Jul,"2005 Jul",194.9
CUSR0000SA0,All Items (Seas),"2005",Aug,"2005 Aug",196.1
CUSR0000SA0,All Items (Seas),"2005",Sep,"2005 Sep",198.8
CUSR0000SA0,All Items (Seas),"2005",Oct,"2005 Oct",199.1
CUSR0000SA0,All Items (Seas),"2005",Nov,"2005 Nov",198.1
CUSR0000SA0,All Items (Seas),"2005",Dec,"2005 Dec",198.1
CUSR0000SA0,All Items (Seas),"2006",Jan,"2006 Jan",199.3
CUSR0000SA0,All Items (Seas),"2006",Feb,"2006 Feb",199.4
CUSR0000SA0,All Items (Seas),"2006",Mar,"2006 Mar",199.7
CUSR0000SA0,All Items (Seas),"2006",Apr,"2006 Apr",200.7
CUSR0000SA0,All Items (Seas),"2006",May,"2006 May",201.3
CUSR0000SA0,All Items (Seas),"2006",Jun,"2006 Jun",201.8
CUSR0000SA0,All Items (Seas),"2006",Jul,"2006 Jul",202.9
CUSR0000SA0,All Items (Seas),"2006",Aug,"2006 Aug",203.8
CUSR0000SA0,All Items (Seas),"2006",Sep,"2006 Sep",202.8
CUSR0000SA0,All Items (Seas),"2006",Oct,"2006 Oct",201.9
CUSR0000SA0,All Items (Seas),"2006",Nov,"2006 Nov",202.0
CUSR0000SA0,All Items (Seas),"2006",Dec,"2006 Dec",203.1
CUSR0000SA0,All Items (Seas),"2007",Jan,"2007 Jan",203.437
CUSR0000SA0,All Items (Seas),"2007",Feb,"2007 Feb",204.226
CUSR0000SA0,All Items (Seas),"2007",Mar,"2007 Mar",205.288
CUSR0000SA0,All Items (Seas),"2007",Apr,"2007 Apr",205.904
CUSR0000SA0,All Items (Seas),"2007",May,"2007 May",206.755
CUSR0000SA0,All Items (Seas),"2007",Jun,"2007 Jun",207.234
CUSR0000SA0,All Items (Seas),"2007",Jul,"2007 Jul",207.603
CUSR0000SA0,All Items (Seas),"2007",Aug,"2007 Aug",207.667
CUSR0000SA0,All Items (Seas),"2007",Sep,"2007 Sep",208.547
CUSR0000SA0,All Items (Seas),"2007",Oct,"2007 Oct",209.19
CUSR0000SA0,All Items (Seas),"2007",Nov,"2007 Nov",210.834
CUSR0000SA0,All Items (Seas),"2007",Dec,"2007 Dec",211.445
CUSR0000SA0,All Items (Seas),"2008",Jan,"2008 Jan",212.174
CUSR0000SA0,All Items (Seas),"2008",Feb,"2008 Feb",212.687
CUSR0000SA0,All Items (Seas),"2008",Mar,"2008 Mar",213.448
CUSR0000SA0,All Items (Seas),"2008",Apr,"2008 Apr",213.942
CUSR0000SA0,All Items (Seas),"2008",May,"2008 May",215.208
CUSR0000SA0,All Items (Seas),"2008",Jun,"2008 Jun",217.463
CUSR0000SA0,All Items (Seas),"2008",Jul,"2008 Jul",219.016
CUSR0000SA0,All Items (Seas),"2008",Aug,"2008 Aug",218.69
CUSR0000SA0,All Items (Seas),"2008",Sep,"2008 Sep",218.877
CUSR0000SA0,All Items (Seas),"2008",Oct,"2008 Oct",216.995
CUSR0000SA0,All Items (Seas),"2008",Nov,"2008 Nov",213.153
CUSR0000SA0,All Items (Seas),"2008",Dec,"2008 Dec",211.398
CUSR0000SA0,All Items (Seas),"2009",Jan,"2009 Jan",211.933
CUSR0000SA0,All Items (Seas),"2009",Feb,"2009 Feb",212.705
CUSR0000SA0,All Items (Seas),"2009",Mar,"2009 Mar",212.495
CUSR0000SA0,All Items (Seas),"2009",Apr,"2009 Apr",212.709
CUSR0000SA0,All Items (Seas),"2009",May,"2009 May",213.022
CUSR0000SA0,All Items (Seas),"2009",Jun,"2009 Jun",214.79
CUSR0000SA0,All Items (Seas),"2009",Jul,"2009 Jul",214.726
CUSR0000SA0,All Items (Seas),"2009",Aug,"2009 Aug",215.445
CUSR0000SA0,All Items (Seas),"2009",Sep,"2009 Sep",215.861
CUSR0000SA0,All Items (Seas),"2009",Oct,"2009 Oct",216.509
CUSR0000SA0,All Items (Seas),"2009",Nov,"2009 Nov",217.234
CUSR0000SA0,All Items (Seas),"2009",Dec,"2009 Dec",217.347
CUSR0000SA0,All Items (Seas),"2010",Jan,"2010 Jan",217.488
CUSR0000SA0,All Items (Seas),"2010",Feb,"2010 Feb",217.281
CUSR0000SA0,All Items (Seas),"2010",Mar,"2010 Mar",217.353
CUSR0000SA0,All Items (Seas),"2010",Apr,"2010 Apr",217.403
CUSR0000SA0,All Items (Seas),"2010",May,"2010 May",217.29
CUSR0000SA0,All Items (Seas),"2010",Jun,"2010 Jun",217.199
CUSR0000SA0,All Items (Seas),"2010",Jul,"2010 Jul",217.605
CUSR0000SA0,All Items (Seas),"2010",Aug,"2010 Aug",217.923
CUSR0000SA0,All Items (Seas),"2010",Sep,"2010 Sep",218.275
CUSR0000SA0,All Items (Seas),"2010",Oct,"2010 Oct",219.035
CUSR0000SA0,All Items (Seas),"2010",Nov,"2010 Nov",219.59
CUSR0000SA0,All Items (Seas),"2010",Dec,"2010 Dec",220.472
CUSR0000SA0,All Items (Seas),"2011",Jan,"2011 Jan",221.187
CUSR0000SA0,All Items (Seas),"2011",Feb,"2011 Feb",221.898
CUSR0000SA0,All Items (Seas),"2011",Mar,"2011 Mar",223.046
CUSR0000SA0,All Items (Seas),"2011",Apr,"2011 Apr",224.093
CUSR0000SA0,All Items (Seas),"2011",May,"2011 May",224.806
CUSR0000SA0,All Items (Seas),"2011",Jun,"2011 Jun",224.806
CUSR0000SA0,All Items (Seas),"2011",Jul,"2011 Jul",225.395
CUSR0000SA0,All Items (Seas),"2011",Aug,"2011 Aug",226.106
CUSR0000SA0,All Items (Seas),"2011",Sep,"2011 Sep",226.597
CUSR0000SA0,All Items (Seas),"2011",Oct,"2011 Oct",226.75
CUSR0000SA0,All Items (Seas),"2011",Nov,"2011 Nov",227.169
CUSR0000SA0,All Items (Seas),"2011",Dec,"2011 Dec",227.223
CUSR0000SA0,All Items (Seas),"2012",Jan,"2012 Jan",227.842
CUSR0000SA0,All Items (Seas),"2012",Feb,"2012 Feb",228.329
CUSR0000SA0,All Items (Seas),"2012",Mar,"2012 Mar",228.807
CUSR0000SA0,All Items (Seas),"2012",Apr,"2012 Apr",229.187
CUSR0000SA0,All Items (Seas),"2012",May,"2012 May",228.713
CUSR0000SA0,All Items (Seas),"2012",Jun,"2012 Jun",228.524
CUSR0000SA0,All Items (Seas),"2012",Jul,"2012 Jul",228.59
CUSR0000SA0,All Items (Seas),"2012",Aug,"2012 Aug",229.918
CUSR0000SA0,All Items (Seas),"2012",Sep,"2012 Sep",231.015
CUSR0000SA0,All Items (Seas),"2012",Oct,"2012 Oct",231.638
CUSR0000SA0,All Items (Seas),"2012",Nov,"2012 Nov",231.249
CUSR0000SA0,All Items (Seas),"2012",Dec,"2012 Dec",231.221
CUSR0000SA0,All Items (Seas),"2013",Jan,"2013 Jan",231.679
CUSR0000SA0,All Items (Seas),"2013",Feb,"2013 Feb",232.937
CUSR0000SA0,All Items (Seas),"2013",Mar,"2013 Mar",232.282
CUSR0000SA0,All Items (Seas),"2013",Apr,"2013 Apr",231.797
CUSR0000SA0,All Items (Seas),"2013",May,"2013 May",231.893
CUSR0000SA0,All Items (Seas),"2013",Jun,"2013 Jun",232.445
CUSR0000SA0,All Items (Seas),"2013",Jul,"2013 Jul",232.9
CUSR0000SA0,All Items (Seas),"2013",Aug,"2013 Aug",233.456
CUSR0000SA0,All Items (Seas),"2013",Sep,"2013 Sep",233.544
CUSR0000SA0,All Items (Seas),"2013",Oct,"2013 Oct",233.669
CUSR0000SA0,All Items (Seas),"2013",Nov,"2013 Nov",234.1
CUSR0000SA0,All Items (Seas),"2013",Dec,"2013 Dec",234.719
CUSR0000SA0,All Items (Seas),"2014",Jan,"2014 Jan",235.288
CUSR0000SA0,All Items (Seas),"2014",Feb,"2014 Feb",235.547
CUSR0000SA0,All Items (Seas),"2014",Mar,"2014 Mar",236.028
CUSR0000SA0,All Items (Seas),"2014",Apr,"2014 Apr",236.468
CUSR0000SA0,All Items (Seas),"2014",May,"2014 May",236.918
CUSR0000SA0,All Items (Seas),"2014",Jun,"2014 Jun",237.231
CUSR0000SA0,All Items (Seas),"2014",Jul,"2014 Jul",237.498
CUSR0000SA0,All Items (Seas),"2014",Aug,"2014 Aug",237.46
CUSR0000SA0,All Items (Seas),"2014",Sep,"2014 Sep",237.477
CUSR0000SA0,All Items (Seas),"2014",Oct,"2014 Oct",237.43
CUSR0000SA0,All Items (Seas),"2014",Nov,"2014 Nov",236.983
CUSR0000SA0,All Items (Seas),"2014",Dec,"2014 Dec",236.252
CUSR0000SA0,All Items (Seas),"2015",Jan,"2015 Jan",234.747
CUSR0000SA0,All Items (Seas),"2015",Feb,"2015 Feb",235.342
CUSR0000SA0,All Items (Seas),"2015",Mar,"2015 Mar",235.976
CUSR0000SA0,All Items (Seas),"2015",Apr,"2015 Apr",236.222
CUSR0000SA0,All Items (Seas),"2015",May,"2015 May",237.001
CUSR0000SA0,All Items (Seas),"2015",Jun,"2015 Jun",237.657
CUSR0000SA0,All Items (Seas),"2015",Jul,"2015 Jul",238.034
CUSR0000SA0,All Items (Seas),"2015",Aug,"2015 Aug",238.033
CUSR0000SA0,All Items (Seas),"2015",Sep,"2015 Sep",237.498
CUSR0000SA0,All Items (Seas),"2015",Oct,"2015 Oct",237.733
CUSR0000SA0,All Items (Seas),"2015",Nov,"2015 Nov",238.017
CUSR0000SA0,All Items (Seas),"2015",Dec,"2015 Dec",237.761
CUSR0000SA0,All Items (Seas),"2016",Jan,"2016 Jan",237.652
CUSR0000SA0,All Items (Seas),"2016",Feb,"2016 Feb",237.336
CUSR0000SA0,All Items (Seas),"2016",Mar,"2016 Mar",238.08
CUSR0000SA0,All Items (Seas),"2016",Apr,"2016 Apr",238.992
CUSR0000SA0,All Items (Seas),"2016",May,"2016 May",239.557
CUSR0000SA0,All Items (Seas),"2016",Jun,"2016 Jun",240.222
CUSR0000SA0,All Items (Seas),"2016",Jul,"2016 Jul",240.101
CUSR0000SA0,All Items (Seas),"2016",Aug,"2016 Aug",240.545
CUSR0000SA0,All Items (Seas),"2016",Sep,"2016 Sep",241.176
CUSR0000SA0,All Items (Seas),"2016",Oct,"2016 Oct",241.741
CUSR0000SA0,All Items (Seas),"2016",Nov,"2016 Nov",242.026
CUSR0000SA0,All Items (Seas),"2016",Dec,"2016 Dec",242.637
CUSR0000SA0,All Items (Seas),"2017",Jan,"2017 Jan",243.618
CUSR0000SA0,All Items (Seas),"2017",Feb,"2017 Feb",244.006
CUSR0000SA0,All Items (Seas),"2017",Mar,"2017 Mar",243.892
CUSR0000SA0,All Items (Seas),"2017",Apr,"2017 Apr",244.193
CUSR0000SA0,All Items (Seas),"2017",May,"2017 May",244.004
CUSR0000SA0,All Items (Seas),"2017",Jun,"2017 Jun",244.163
CUSR0000SA0,All Items (Seas),"2017",Jul,"2017 Jul",244.243
CUSR0000SA0,All Items (Seas),"2017",Aug,"2017 Aug",245.183
CUSR0000SA0,All Items (Seas),"2017",Sep,"2017 Sep",246.435
CUSR0000SA0,All Items (Seas),"2017",Oct,"2017 Oct",246.626
CUSR0000SA0,All Items (Seas),"2017",Nov,"2017 Nov",247.284
CUSR0000SA0,All Items (Seas),"2017",Dec,"2017 Dec",247.805
CUSR0000SA0,All Items (Seas),"2018",Jan,"2018 Jan",248.859
CUSR0000SA0,All Items (Seas),"2018",Feb,"2018 Feb",249.529
CUSR0000SA0,All Items (Seas),"2018",Mar,"2018 Mar",249.577
CUSR0000SA0,All Items (Seas),"2018",Apr,"2018 Apr",250.227
CUSR0000SA0,All Items (Seas),"2018",May,"2018 May",250.792
CUSR0000SA0,All Items (Seas),"2018",Jun,"2018 Jun",251.018
CUSR0000SA0,All Items (Seas),"2018",Jul,"2018 Jul",251.214
CUSR0000SA0,All Items (Seas),"2018",Aug,"2018 Aug",251.663
CUSR0000SA0,All Items (Seas),"2018",Sep,"2018 Sep",252.182
CUSR0000SA0,All Items (Seas),"2018",Oct,"2018 Oct",252.772
CUSR0000SA0,All Items (Seas),"2018",Nov,"2018 Nov",252.594
CUSR0000SA0,All Items (Seas),"2018",Dec,"2018 Dec",252.767
CUSR0000SA0,All Items (Seas),"2019",Jan,"2019 Jan",252.561
CUSR0000SA0,All Items (Seas),"2019",Feb,"2019 Feb",253.319
CUSR0000SA0,All Items (Seas),"2019",Mar,"2019 Mar",254.277
CUSR0000SA0,All Items (Seas),"2019",Apr,"2019 Apr",255.233
CUSR0000SA0,All Items (Seas),"2019",May,"2019 May",255.296
CUSR0000SA0,All Items (Seas),"2019",Jun,"2019 Jun",255.213
CUSR0000SA0,All Items (Seas),"2019",Jul,"2019 Jul",255.802
CUSR0000SA0,All Items (Seas),"2019",Aug,"2019 Aug",256.036
CUSR0000SA0,All Items (Seas),"2019",Sep,"2019 Sep",256.43
CUSR0000SA0,All Items (Seas),"2019",Oct,"2019 Oct",257.155
CUSR0000SA0,All Items (Seas),"2019",Nov,"2019 Nov",257.879
CUSR0000SA0,All Items (Seas),"2019",Dec,"2019 Dec",258.63
CUSR0000SA0,All Items (Seas),"2020",Jan,"2020 Jan",259.127
CUSR0000SA0,All Items (Seas),"2020",Feb,"2020 Feb",259.25
CUSR0000SA0,All Items (Seas),"2020",Mar,"2020 Mar",258.076
CUSR0000SA0,All Items (Seas),"2020",Apr,"2020 Apr",256.032
CUSR0000SA0,All Items (Seas),"2020",May,"2020 May",255.802
CUSR0000SA0,All Items (Seas),"2020",Jun,"2020 Jun",257.042
CUSR0000SA0,All Items (Seas),"2020",Jul,"2020 Jul",258.352
CUSR0000SA0,All Items (Seas),"2020",Aug,"2020 Aug",259.316
CUSR0000SA0,All Items (Seas),"2020",Sep,"2020 Sep",259.997
CUSR0000SA0,All Items (Seas),"2020",Oct,"2020 Oct",260.319
CUSR0000SA0,All Items (Seas),"2020",Nov,"2020 Nov",260.911
CUSR0000SA0,All Items (Seas),"2020",Dec,"2020 Dec",262.045
CUSR0000SA0,All Items (Seas),"2021",Jan,"2021 Jan",262.639
CUSR0000SA0,All Items (Seas),"2021",Feb,"2021 Feb",263.573
CUSR0000SA0,All Items (Seas),"2021",Mar,"2021 Mar",264.847
CUSR0000SA0,All Items (Seas),"2021",Apr,"2021 Apr",266.625
CUSR0000SA0,All Items (Seas),"2021",May,"2021 May",268.404
CUSR0000SA0,All Items (Seas),"2021",Jun,"2021 Jun",270.71
CUSR0000SA0,All Items (Seas),"2021",Jul,"2021 Jul",271.965
CUSR0000SA0,All Items (Seas),"2021",Aug,"2021 Aug",272.752
CUSR0000SA0,All Items (Seas),"2021",Sep,"2021 Sep",273.942
CUSR0000SA0,All Items (Seas),"2021",Oct,"2021 Oct",276.528
CUSR0000SA0,All Items (Seas),"2021",Nov,"2021 Nov",278.824
CUSR0000SA0,All Items (Seas),"2021",Dec,"2021 Dec",280.806
CUSR0000SA0,All Items (Seas),"2022",Jan,"2022 Jan",282.542
CUSR0000SA0,All Items (Seas),"2022",Feb,"2022 Feb",284.525
CUSR0000SA0,All Items (Seas),"2022",Mar,"2022 Mar",287.467
CUSR0000SA0,All Items (Seas),"2022",Apr,"2022 Apr",288.582
CUSR0000SA0,All Items (Seas),"2022",May,"2022 May",291.299
CUSR0000SA0,All Items (Seas),"2022",Jun,"2022 Jun",295.072
CUSR0000SA0,All Items (Seas),"2022",Jul,"2022 Jul",294.94
CUSR0000SA0,All Items (Seas),"2022",Aug,"2022 Aug",295.162
CUSR0000SA0,All Items (Seas),"2022",Sep,"2022 Sep",296.421
CUSR0000SA0,All Items (Seas),"2022",Oct,"2022 Oct",297.979
CUSR0000SA0,All Items (Seas),"2022",Nov,"2022 Nov",298.708
CUSR0000SA0,All Items (Seas),"2022",Dec,"2022 Dec",298.808
CUSR0000SA0,All Items (Seas),"2023",Jan,"2023 Jan",300.456
CUSR0000SA0,All Items (Seas),"2023",Feb,"2023 Feb",301.476
CUSR0000SA0,All Items (Seas),"2023",Mar,"2023 Mar",301.643
CUSR0000SA0,All Items (Seas),"2023",Apr,"2023 Apr",302.858
CUSR0000SA0,All Items (Seas),"2023",May,"2023 May",303.316
CUSR0000SA0,All Items (Seas),"2023",Jun,"2023 Jun",304.099
CUSR0000SA0,All Items (Seas),"2023",Jul,"2023 Jul",304.615
CUSR0000SA0,All Items (Seas),"2023",Aug,"2023 Aug",306.138
CUSR0000SA0,All Items (Seas),"2023",Sep,"2023 Sep",307.374
CUSR0000SA0,All Items (Seas),"2023",Oct,"2023 Oct",307.653
CUSR0000SA0,All Items (Seas),"2023",Nov,"2023 Nov",308.087
CUSR0000SA0,All Items (Seas),"2023",Dec,"2023 Dec",308.735
CUSR0000SA0,All Items (Seas),"2024",Jan,"2024 Jan",309.794
CUSR0000SA0,All Items (Seas),"2024",Feb,"2024 Feb",311.022
CUSR0000SA0,All Items (Seas),"2024",Mar,"2024 Mar",312.107
CUSR0000SA0,All Items (Seas),"2024",Apr,"2024 Apr",313.016
CUSR0000SA0,All Items (Seas),"2024",May,"2024 May",313.14
CUSR0000SA0,All Items (Seas),"2024",Jun,"2024 Jun",313.131
CUSR0000SA0,All Items (Seas),"2024",Jul,"2024 Jul",313.566
CUSR0000SA0,All Items (Seas),"2024",Aug,"2024 Aug",314.131
CUSR0000SA0,All Items (Seas),"2024",Sep,"2024 Sep",314.851
CUSR0000SA0,All Items (Seas),"2024",Oct,"2024 Oct",315.564
CUSR0000SA0,All Items (Seas),"2024",Nov,"2024 Nov",316.449
CUSR0000SA0,All Items (Seas),"2024",Dec,"2024 Dec",317.603
CUSR0000SA0,All Items (Seas),"2025",Jan,"2025 Jan",319.086
CUSR0000SA0,All Items (Seas),"2025",Feb,"2025 Feb",319.775
CUSR0000SA0,All Items (Seas),"2025",Mar,"2025 Mar",319.615
